FID,ComID,FDate,RESOLUTION,GNIS_ID,GNIS_Name,LengthKM,ReachCode,FLOWDIR,WBAreaComI,FTYPE,FCode,Shape_Leng,ENABLED
44467,21438279,1/28/2008 0:00:00,Medium,45730,Colorado River,1.533000000000000,15030101000003,With Digitized,120049438,ArtificialPath,55800,0.014114378270300,True
44468,21438283,1/28/2008 0:00:00,Medium,45730,Colorado River,0.151000000000000,15030101000003,With Digitized,120049438,ArtificialPath,55800,0.001359935998050,True
44469,21438275,1/28/2008 0:00:00,Medium,45730,Colorado River,1.757000000000000,15030101000004,With Digitized,120049438,ArtificialPath,55800,0.018370811492600,True
44470,21438265,1/28/2008 0:00:00,Medium,45730,Colorado River,0.711000000000000,15030101000007,With Digitized,120049438,ArtificialPath,55800,0.007404335254840,True
44471,21438257,1/28/2008 0:00:00,Medium,45730,Colorado River,3.179000000000000,15030101000008,With Digitized,120049438,ArtificialPath,55800,0.032563995170100,True
44472,21438243,1/28/2008 0:00:00,Medium,45730,Colorado River,1.330000000000000,15030101000009,With Digitized,120049438,ArtificialPath,55800,0.013402963748800,True
44473,945030317,1/28/2008 0:00:00,Medium,45730,Colorado River,4.261000000000000,15030101000010,With Digitized,120049438,ArtificialPath,55800,0.055248483075200,True
44474,945030318,1/28/2008 0:00:00,Medium,45730,Colorado River,1.416000000000000,15030101000010,With Digitized,120049438,ArtificialPath,55800,0.055248483075200,True
44475,21438203,1/28/2008 0:00:00,Medium,45730,Colorado River,0.696000000000000,15030101000011,With Digitized,120049438,ArtificialPath,55800,0.006386372511970,True
44476,21438199,1/28/2008 0:00:00,Medium,45730,Colorado River,0.563000000000000,15030101000012,With Digitized,120049438,ArtificialPath,55800,0.005119101960190,True
44477,21438193,1/28/2008 0:00:00,Medium,45730,Colorado River,2.914000000000000,15030101000013,With Digitized,120049438,ArtificialPath,55800,0.026691977884600,True
44478,21438179,1/28/2008 0:00:00,Medium,45730,Colorado River,2.262000000000000,15030101000016,With Digitized,120049438,ArtificialPath,55800,0.022949138256000,True
44479,21438171,1/28/2008 0:00:00,Medium,45730,Colorado River,5.388000000000000,15030101000018,With Digitized,120049438,ArtificialPath,55800,0.048875049428400,True
44481,21438175,1/28/2008 0:00:00,Medium,45730,Colorado River,0.967000000000000,15030101000018,With Digitized,120049438,ArtificialPath,55800,0.009002462299140,True
44484,21438173,1/28/2008 0:00:00,Medium,45730,Colorado River,8.999000000000001,15030101000018,With Digitized,120049438,ArtificialPath,55800,0.081431481054600,True
44684,21438181,1/28/2008 0:00:00,Medium, , ,0.176000000000000,15030101000308,With Digitized,120049438,ArtificialPath,55800,0.001888411294210,True
44695,21438231,1/28/2008 0:00:00,Medium, , ,0.073000000000000,15030101000333,With Digitized,120049438,ArtificialPath,55800,0.000776470356412,True
45046,21438281,1/28/2008 0:00:00,Medium, , ,0.479000000000000,15030101000855,With Digitized,120049438,ArtificialPath,55800,0.004724483728010,True
45047,21438267,1/28/2008 0:00:00,Medium,239041,Bat Cave Wash,0.113000000000000,15030101000856,With Digitized,120049438,ArtificialPath,55800,0.001204281209600,True
45066,21438245,1/28/2008 0:00:00,Medium, , ,0.086000000000000,15030101000874,With Digitized,120049438,ArtificialPath,55800,0.000938132257481,True
45092,21438205,1/28/2008 0:00:00,Medium, , ,0.068000000000000,15030101000904,With Digitized,120049438,ArtificialPath,55800,0.000740294666926,True
45097,21438201,1/28/2008 0:00:00,Medium, , ,0.043000000000000,15030101000909,With Digitized,120049438,ArtificialPath,55800,0.000451798020089,True
45098,21438197,1/28/2008 0:00:00,Medium, , ,0.009000000000000,15030101000909,With Digitized,-9998,ArtificialPath,55800,0.000095202264068,True
45108,21438195,1/28/2008 0:00:00,Medium, , ,0.091000000000000,15030101000918,With Digitized,120049438,ArtificialPath,55800,0.000951483960227,True
45113,21438187,1/28/2008 0:00:00,Medium, , ,0.059000000000000,15030101000925,With Digitized,120049438,ArtificialPath,55800,0.000642499703604,True
45115,21438177,1/28/2008 0:00:00,Medium, , ,0.065000000000000,15030101000930,With Digitized,120049438,ArtificialPath,55800,0.000703634452818,True
45492,21438273,1/28/2008 0:00:00,Medium, , ,0.291000000000000,15030101001301,With Digitized,120049438,ArtificialPath,55800,0.002896129850060,True
45496,21438277,1/28/2008 0:00:00,Medium, , ,0.262000000000000,15030101001304,With Digitized,120049438,ArtificialPath,55800,0.002649390610380,True
45980,21438477,1/28/2008 0:00:00,Medium, , ,0.424000000000000,15030101001854,With Digitized,120049438,ArtificialPath,55800,0.004335903178220,True
45982,21438481,1/28/2008 0:00:00,Medium, , ,0.109000000000000,15030101001855,With Digitized,120049438,ArtificialPath,55800,0.001052200074380,True
45984,21442593,1/28/2008 0:00:00,Medium, , ,1.065000000000000,15030101001857,With Digitized,120049438,ArtificialPath,55800,0.011575621700700,True
45985,21438259,1/28/2008 0:00:00,Medium, , ,0.097000000000000,15030101001857,With Digitized,120049438,ArtificialPath,55800,0.000971786168388,True
46030,21438271,1/28/2008 0:00:00,Medium,45730,Colorado River,0.862000000000000,15030101001902,With Digitized,120049438,ArtificialPath,55800,0.008145438160460,True
46031,21438183,1/28/2008 0:00:00,Medium,45730,Colorado River,3.356000000000000,15030101001903,With Digitized,120049438,ArtificialPath,55800,0.033947851919900,True
46032,21438185,1/28/2008 0:00:00,Medium,45730,Colorado River,0.595000000000000,15030101001903,With Digitized,120049438,ArtificialPath,55800,0.005695551731700,True
46208,21438287,1/28/2008 0:00:00,Medium,246056,Mohave Wash,0.152000000000000,15030101002146,With Digitized,120049438,ArtificialPath,55800,0.001515651975960,True
46209,21442595,1/28/2008 0:00:00,Medium, , ,0.117000000000000,15030101002147,With Digitized,120049438,ArtificialPath,55800,0.001231146811330,True
46210,21438285,1/28/2008 0:00:00,Medium, , ,0.010000000000000,15030101002147,With Digitized,120049438,ArtificialPath,55800,0.000105316475238,True
46620,945030313,3/13/2001 0:00:00,Medium, , ,0.066000000000000,15030101010126,With Digitized,120049438,ArtificialPath,55800,0.031488194964300,True
48010,10003944,1/28/2008 0:00:00,Medium,6244,Indian Wash,0.094000000000000,15030104000003,With Digitized,120049933,ArtificialPath,55800,0.000893920356416,True
48023,10003946,1/28/2008 0:00:00,Medium,45730,Colorado River,1.050000000000000,15030104000015,With Digitized,120049933,ArtificialPath,55800,0.009705571954160,True
48025,10003938,1/28/2008 0:00:00,Medium,7801,McAllister Wash,0.021000000000000,15030104000016,With Digitized,-9998,ArtificialPath,55800,0.000198914268299,True
48026,10003940,1/28/2008 0:00:00,Medium,7801,McAllister Wash,0.171000000000000,15030104000016,With Digitized,120049933,ArtificialPath,55800,0.001599607544000,True
48038,10003942,1/28/2008 0:00:00,Medium,45730,Colorado River,2.527000000000000,15030104000028,With Digitized,120049933,ArtificialPath,55800,0.024747232934300,True
48039,10003934,1/28/2008 0:00:00,Medium,45730,Colorado River,0.223000000000000,15030104000029,With Digitized,120049933,ArtificialPath,55800,0.002341282672470,True
48041,10003926,1/28/2008 0:00:00,Medium,14122,Yuma Wash,0.280000000000000,15030104000030,With Digitized,120049933,ArtificialPath,55800,0.002714445559700,True
48042,10010628,1/28/2008 0:00:00,Medium,14122,Yuma Wash,0.159000000000000,15030104000030,With Digitized,120049933,ArtificialPath,55800,0.001465849050510,True
48052,10003884,1/28/2008 0:00:00,Medium,45730,Colorado River,0.292000000000000,15030104000044,With Digitized,120049933,ArtificialPath,55800,0.002831171014240,True
48053,10003904,1/28/2008 0:00:00,Medium,45730,Colorado River,2.024000000000000,15030104000044,With Digitized,120049933,ArtificialPath,55800,0.019564613007900,True
48054,10003894,1/28/2008 0:00:00,Medium,45730,Colorado River,1.787000000000000,15030104000044,With Digitized,120049933,ArtificialPath,55800,0.017647274868600,True
48055,10003908,1/28/2008 0:00:00,Medium,45730,Colorado River,2.074000000000000,15030104000044,With Digitized,120049933,ArtificialPath,55800,0.019107254693200,True
48056,10003886,1/28/2008 0:00:00,Medium,45730,Colorado River,0.699000000000000,15030104000044,With Digitized,120049933,ArtificialPath,55800,0.007422077514570,True
48057,10003896,1/28/2008 0:00:00,Medium,45730,Colorado River,0.322000000000000,15030104000044,With Digitized,120049933,ArtificialPath,55800,0.002902634398950,True
48058,10003880,1/28/2008 0:00:00,Medium,45730,Colorado River,0.949000000000000,15030104000045,With Digitized,120049933,ArtificialPath,55800,0.008535353467940,True
48059,10003876,1/28/2008 0:00:00,Medium,45730,Colorado River,6.432000000000000,15030104000046,With Digitized,120049933,ArtificialPath,55800,0.059489209972100,True
48060,10003872,1/28/2008 0:00:00,Medium,45730,Colorado River,0.382000000000000,15030104000047,With Digitized,120049933,ArtificialPath,55800,0.003461422865230,True
48061,10003860,1/28/2008 0:00:00,Medium,45730,Colorado River,0.410000000000000,15030104000049,With Digitized,120049933,ArtificialPath,55800,0.003961252117030,True
48062,10010624,1/28/2008 0:00:00,Medium,45730,Colorado River,9.894000000000000,15030104000052,With Digitized,120049933,ArtificialPath,55800,0.094503231685300,True
48063,10003842,1/28/2008 0:00:00,Medium,45730,Colorado River,1.377000000000000,15030104000052,With Digitized,120049933,ArtificialPath,55800,0.012396714954100,True
48064,10003838,1/28/2008 0:00:00,Medium,45730,Colorado River,4.129000000000000,15030104000052,With Digitized,120049933,ArtificialPath,55800,0.043190187859100,True
48066,10003834,1/28/2008 0:00:00,Medium,5187,Gould Wash,0.041000000000000,15030104000053,With Digitized,120049933,ArtificialPath,55800,0.000436622847003,True
48067,10003836,1/28/2008 0:00:00,Medium,5187,Gould Wash,0.014000000000000,15030104000053,With Digitized,-9998,ArtificialPath,55800,0.000137850457217,True
48085,10003832,1/28/2008 0:00:00,Medium,45730,Colorado River,1.251000000000000,15030104000071,With Digitized,120049933,ArtificialPath,55800,0.011995843646700,True
48086,10003830,1/28/2008 0:00:00,Medium,45730,Colorado River,0.909000000000000,15030104000072,With Digitized,120049933,ArtificialPath,55800,0.008282454944510,True
48087,10003826,1/28/2008 0:00:00,Medium,45730,Colorado River,3.193000000000000,15030104000073,With Digitized,120049933,ArtificialPath,55800,0.029611862724100,True
48088,10003820,1/28/2008 0:00:00,Medium,45730,Colorado River,0.791000000000000,15030104000074,With Digitized,120049933,ArtificialPath,55800,0.007847130349520,True
48089,10003816,1/28/2008 0:00:00,Medium,45730,Colorado River,1.500000000000000,15030104000074,With Digitized,120049933,ArtificialPath,55800,0.014355284063400,True
48105,10010532,1/28/2008 0:00:00,Medium,6850,Lake Wash,0.068000000000000,15030104000098,With Digitized,120049933,ArtificialPath,55800,0.000683045562657,True
48107,10010656,1/28/2008 0:00:00,Medium,45730,Colorado River,0.379000000000000,15030104000104,With Digitized,120049933,ArtificialPath,55800,0.003446289825580,True
48108,10001210,1/28/2008 0:00:00,Medium,45730,Colorado River,0.595000000000000,15030104000104,With Digitized,120049933,ArtificialPath,55800,0.005685745495960,True
48109,10001206,1/28/2008 0:00:00,Medium,45730,Colorado River,0.716000000000000,15030104000105,With Digitized,120049933,ArtificialPath,55800,0.007031134947410,True
48110,10010654,1/28/2008 0:00:00,Medium,45730,Colorado River,0.403000000000000,15030104000106,With Digitized,120049933,ArtificialPath,55800,0.003667121565030,True
48111,10001202,1/28/2008 0:00:00,Medium,45730,Colorado River,0.673000000000000,15030104000106,With Digitized,120049933,ArtificialPath,55800,0.006210303886940,True
48112,10010652,1/28/2008 0:00:00,Medium,45730,Colorado River,0.178000000000000,15030104000106,With Digitized,120049933,ArtificialPath,55800,0.001799003376890,True
48113,10001200,1/28/2008 0:00:00,Medium,45730,Colorado River,1.949000000000000,15030104000106,With Digitized,120049933,ArtificialPath,55800,0.019081337562800,True
48114,10001168,1/28/2008 0:00:00,Medium,45730,Colorado River,0.835000000000000,15030104000109,With Digitized,120049933,ArtificialPath,55800,0.007944908902870,True
48115,10001166,1/28/2008 0:00:00,Medium,45730,Colorado River,4.775000000000000,15030104000109,With Digitized,120049933,ArtificialPath,55800,0.047640626874900,True
48116,10001160,1/28/2008 0:00:00,Medium,45730,Colorado River,2.422000000000000,15030104000109,With Digitized,120049933,ArtificialPath,55800,0.023215163687200,True
48117,10001300,1/28/2008 0:00:00,Medium,45730,Colorado River,0.325000000000000,15030104000109,With Digitized,120049933,ArtificialPath,55800,0.002957413120060,True
48118,9998242,1/28/2008 0:00:00,Medium,45730,Colorado River,0.892000000000000,15030104000113,With Digitized,120049933,ArtificialPath,55800,0.008042201077810,True
48119,9998272,1/28/2008 0:00:00,Medium,45730,Colorado River,0.531000000000000,15030104000114,With Digitized,120049933,ArtificialPath,55800,0.005139107368670,True
48120,9998240,1/28/2008 0:00:00,Medium,45730,Colorado River,3.093000000000000,15030104000114,With Digitized,120049933,ArtificialPath,55800,0.030252426664500,True
48121,9998236,1/28/2008 0:00:00,Medium,45730,Colorado River,0.354000000000000,15030104000116,With Digitized,120049933,ArtificialPath,55800,0.003860783461580,True
48122,9998228,1/28/2008 0:00:00,Medium,45730,Colorado River,1.366000000000000,15030104000120,With Digitized,120049933,ArtificialPath,55800,0.013961412886000,True
48123,10010510,1/28/2008 0:00:00,Medium,45730,Colorado River,0.234000000000000,15030104000122,With Digitized,120049933,ArtificialPath,55800,0.002487019927850,True
48124,9998226,1/28/2008 0:00:00,Medium,45730,Colorado River,6.404000000000000,15030104000122,With Digitized,120049933,ArtificialPath,55800,0.064762353088900,True
48125,9998218,1/28/2008 0:00:00,Medium,45730,Colorado River,0.199000000000000,15030104000123,With Digitized,120049933,ArtificialPath,55800,0.002088656311230,True
48126,9998222,1/28/2008 0:00:00,Medium,45730,Colorado River,4.194000000000000,15030104000124,With Digitized,120049933,ArtificialPath,55800,0.044988847266600,True
48128,9998214,1/28/2008 0:00:00,Medium,9021,Osborne Wash,0.121000000000000,15030104000125,With Digitized,120049933,ArtificialPath,55800,0.001264919052780,True
48152,9998208,1/28/2008 0:00:00,Medium,45730,Colorado River,0.341000000000000,15030104000150,With Digitized,120049933,ArtificialPath,55800,0.003355292188080,True
48153,9998212,1/28/2008 0:00:00,Medium,45730,Colorado River,2.053000000000000,15030104000150,With Digitized,120049933,ArtificialPath,55800,0.021292812144900,True
48154,9998196,1/28/2008 0:00:00,Medium,45730,Colorado River,0.524000000000000,15030104000152,With Digitized,120049933,ArtificialPath,55800,0.004970765484560,True
48155,9998192,1/28/2008 0:00:00,Medium,45730,Colorado River,1.536000000000000,15030104000153,With Digitized,120049933,ArtificialPath,55800,0.015744206500000,True
48192,10003882,1/28/2008 0:00:00,Medium,244165,Julian Wash,0.152000000000000,15030104000189,With Digitized,120049933,ArtificialPath,55800,0.001585809850050,True
48225,10003858,1/28/2008 0:00:00,Medium,3035,Clip Wash,0.124000000000000,15030104000223,With Digitized,120049933,ArtificialPath,55800,0.001234530629540,True
48232,9998170,1/28/2008 0:00:00,Medium,4253,Eagle Wash,0.099000000000000,15030104000228,With Digitized,120049933,ArtificialPath,55800,0.001059147986980,True
48238,10003824,1/28/2008 0:00:00,Medium,8427,Mule Wash,0.080000000000000,15030104000233,With Digitized,120049933,ArtificialPath,55800,0.000849161359259,True
48250,10001220,1/28/2008 0:00:00,Medium, , ,0.055000000000000,15030104000243,With Digitized,120049933,ArtificialPath,55800,0.000578064752579,True
48272,9998198,1/28/2008 0:00:00,Medium,239224,Bennett Wash,0.117000000000000,15030104000263,With Digitized,120049933,ArtificialPath,55800,0.001210122104060,True
48275,9998190,1/28/2008 0:00:00,Medium,239618,Bowmans Wash,0.163000000000000,15030104000265,With Digitized,120049933,ArtificialPath,55800,0.001548710422120,True
48298,9998244,1/28/2008 0:00:00,Medium,251035,Vidal Wash,0.053000000000000,15030104000286,With Digitized,120049933,ArtificialPath,55800,0.000530510685156,True
48315,9998168,1/28/2008 0:00:00,Medium, , ,0.081000000000000,15030104000318,With Digitized,120049933,ArtificialPath,55800,0.000749261918179,True
48344,9998274,1/28/2008 0:00:00,Medium, , ,0.620000000000000,15030104000365,With Digitized,120049933,ArtificialPath,55800,0.005846158776240,True
48377,9998248,11/13/2009 0:00:00,Medium, , ,0.076000000000000,15030104000411,With Digitized,120049933,ArtificialPath,55800,0.000764723566889,True
48401,10001246,11/13/2009 0:00:00,Medium, , ,0.076000000000000,15030104000451,With Digitized,120049933,ArtificialPath,55800,0.000826849217779,True
48506,10001244,11/13/2009 0:00:00,Medium, , ,0.156000000000000,15030104000614,With Digitized,120049933,ArtificialPath,55800,0.001554450096840,True
48526,10001290,11/13/2009 0:00:00,Medium, , ,0.180000000000000,15030104000691,With Digitized,120049933,ArtificialPath,55800,0.001904496628130,True
48530,10001292,11/13/2009 0:00:00,Medium, , ,0.052000000000000,15030104000698,With Digitized,120049933,ArtificialPath,55800,0.000562885773974,True
48535,10001236,11/13/2009 0:00:00,Medium, , ,0.265000000000000,15030104000703,With Digitized,120049933,ArtificialPath,55800,0.002718772537680,True
48577,10003974,11/13/2009 0:00:00,Medium, , ,0.083000000000000,15030104000883,With Digitized,120049933,ArtificialPath,55800,0.000829998370909,True
48581,10003866,11/13/2009 0:00:00,Medium, , ,0.084000000000000,15030104000895,With Digitized,120049933,ArtificialPath,55800,0.000845954736214,True
48582,10003870,1/28/2008 0:00:00,Medium, , ,0.081000000000000,15030104000896,With Digitized,120049933,ArtificialPath,55800,0.000817945667370,True
48606,10003936,1/28/2008 0:00:00,Medium, , ,0.140000000000000,15030104000936,With Digitized,120049933,ArtificialPath,55800,0.001388785887030,True
48609,10004924,11/13/2009 0:00:00,Medium, , ,0.082000000000000,15030104000972,With Digitized,120049933,ArtificialPath,55800,0.000761408333379,True
48612,10004992,1/28/2008 0:00:00,Medium, , ,0.885000000000000,15030104000980,With Digitized,-9998,ArtificialPath,55800,0.008258739132020,True
48613,10004996,11/13/2009 0:00:00,Medium, , ,0.550000000000000,15030104000981,With Digitized,-9998,ArtificialPath,55800,0.005351980389550,True
48618,9998182,1/28/2008 0:00:00,Medium, , ,0.130000000000000,15030104000999,With Digitized,120049933,ArtificialPath,55800,0.001206373482900,True
48624,9998220,1/28/2008 0:00:00,Medium, , ,0.071000000000000,15030104001005,With Digitized,120049933,ArtificialPath,55800,0.000650622147432,True
48627,9998232,1/28/2008 0:00:00,Medium, , ,0.054000000000000,15030104001015,With Digitized,120049933,ArtificialPath,55800,0.000509820459127,True
48630,9998264,1/28/2008 0:00:00,Medium, , ,0.034000000000000,15030104001017,With Digitized,120049933,ArtificialPath,55800,0.000309495704007,True
48675,10001262,11/13/2009 0:00:00,Medium, , ,0.119000000000000,15030104001068,Uninitialized,120049933,ArtificialPath,55800,0.001268342009410,True
48677,10001264,1/28/2008 0:00:00,Medium, , ,0.136000000000000,15030104001069,With Digitized,120049933,ArtificialPath,55800,0.001250418640860,True
48957,10001294,11/13/2009 0:00:00,Medium, , ,0.079000000000000,15030104001680,With Digitized,120049933,ArtificialPath,55800,0.000705789574051,True
48973,10005012,11/13/2009 0:00:00,Medium, , ,0.040000000000000,15030104001702,With Digitized,-9998,ArtificialPath,55800,0.000400002099360,True
48977,10004994,1/28/2008 0:00:00,Medium, , ,0.180000000000000,15030104001703,With Digitized,-9998,ArtificialPath,55800,0.001650562458140,True
48979,10004974,1/28/2008 0:00:00,Medium, , ,0.121000000000000,15030104001704,With Digitized,120049933,ArtificialPath,55800,0.001184974199480,True
48991,10003932,11/13/2009 0:00:00,Medium, , ,0.166000000000000,15030104001724,With Digitized,120049933,ArtificialPath,55800,0.001677752710520,True
48994,10003924,11/13/2009 0:00:00,Medium, , ,0.153000000000000,15030104001725,With Digitized,120049933,ArtificialPath,55800,0.001542992572710,True
48995,10003922,11/13/2009 0:00:00,Medium, , ,0.106000000000000,15030104001725,With Digitized,120049933,ArtificialPath,55800,0.001016006460160,True
48997,10003898,1/28/2008 0:00:00,Medium, , ,0.119000000000000,15030104001726,With Digitized,120049933,ArtificialPath,55800,0.001268845233300,True
48999,10003890,1/28/2008 0:00:00,Medium, , ,0.018000000000000,15030104001727,With Digitized,-9998,ArtificialPath,55800,0.000189843279109,True
49000,10003888,1/28/2008 0:00:00,Medium, , ,0.069000000000000,15030104001727,With Digitized,120049933,ArtificialPath,55800,0.000657128601320,True
49014,10003878,1/28/2008 0:00:00,Medium, , ,0.162000000000000,15030104001742,With Digitized,120049933,ArtificialPath,55800,0.001609394438430,True
49024,10003822,3/28/2008 0:00:00,Medium, , ,0.093000000000000,15030104001754,With Digitized,120049933,ArtificialPath,55800,0.000881358367487,True
49026,10001224,1/28/2008 0:00:00,Medium,45730,Colorado River,3.875000000000000,15030104001759,With Digitized,120049933,ArtificialPath,55800,0.037380891982700,True
49031,10001272,11/13/2009 0:00:00,Medium, , ,0.240000000000000,15030104001772,With Digitized,120049933,ArtificialPath,55800,0.002144740633660,True
49032,10001190,11/13/2009 0:00:00,Medium, , ,0.157000000000000,15030104001772,With Digitized,120049933,ArtificialPath,55800,0.001482409335480,True
49037,10001170,1/28/2008 0:00:00,Medium, , ,0.123000000000000,15030104001777,With Digitized,120049933,ArtificialPath,55800,0.001280073776060,True
49039,10001156,1/28/2008 0:00:00,Medium, , ,0.229000000000000,15030104001780,With Digitized,120049933,ArtificialPath,55800,0.002172067657620,True
49045,10001252,1/28/2008 0:00:00,Medium, , ,0.026000000000000,15030104001785,With Digitized,120049933,ArtificialPath,55800,0.000282770302876,True
49049,10001154,1/28/2008 0:00:00,Medium, , ,0.066000000000000,15030104001792,With Digitized,120049933,ArtificialPath,55800,0.000673605426742,True
49051,9998252,1/28/2008 0:00:00,Medium, , ,0.092000000000000,15030104001793,With Digitized,120049933,ArtificialPath,55800,0.000929223363948,True
49196,9998266,1/28/2008 0:00:00,Medium, , ,0.014000000000000,15030104001948,With Digitized,120049933,ArtificialPath,55800,0.000141276529284,True
49198,9998230,1/28/2008 0:00:00,Medium, , ,0.074000000000000,15030104001951,With Digitized,120049933,ArtificialPath,55800,0.000732185288209,True
49199,9998216,1/28/2008 0:00:00,Medium, , ,0.443000000000000,15030104001955,With Digitized,120049933,ArtificialPath,55800,0.004426506643540,True
49205,9998156,1/28/2008 0:00:00,Medium,240903,Copper Basin Wash,0.082000000000000,15030104001966,With Digitized,120049933,ArtificialPath,55800,0.000801040278169,True
49214,9998146,1/28/2008 0:00:00,Medium, , ,0.079000000000000,15030104001975,With Digitized,120049933,ArtificialPath,55800,0.000797320396899,True
49216,9998138,1/28/2008 0:00:00,Medium, , ,0.088000000000000,15030104001976,With Digitized,120049933,ArtificialPath,55800,0.000917817938063,True
49218,9998142,1/28/2008 0:00:00,Medium, , ,0.104000000000000,15030104001977,With Digitized,120049933,ArtificialPath,55800,0.001134777594930,True
49220,9998152,1/28/2008 0:00:00,Medium, , ,0.007000000000000,15030104001978,With Digitized,-9998,ArtificialPath,55800,0.000068606909410,True
49221,9998150,1/28/2008 0:00:00,Medium, , ,0.088000000000000,15030104001978,With Digitized,120049933,ArtificialPath,55800,0.000920837226259,True
49223,9998160,1/28/2008 0:00:00,Medium, , ,0.105000000000000,15030104001979,With Digitized,120049933,ArtificialPath,55800,0.001135099179430,True
49224,9998162,1/28/2008 0:00:00,Medium, , ,0.006000000000000,15030104001979,With Digitized,-9998,ArtificialPath,55800,0.000062536007888,True
49226,9998178,1/28/2008 0:00:00,Medium, , ,0.096000000000000,15030104001980,With Digitized,120049933,ArtificialPath,55800,0.001033503119420,True
49228,9998186,1/28/2008 0:00:00,Medium, , ,0.157000000000000,15030104001981,With Digitized,120049933,ArtificialPath,55800,0.001661779807240,True
49230,9998194,3/28/2008 0:00:00,Medium, , ,0.142000000000000,15030104001982,With Digitized,120049933,ArtificialPath,55800,0.001512457456850,True
49238,9998200,3/28/2008 0:00:00,Medium, , ,0.085000000000000,15030104001991,With Digitized,120049933,ArtificialPath,55800,0.000815832004258,True
49240,9998206,1/28/2008 0:00:00,Medium, , ,0.106000000000000,15030104001992,With Digitized,120049933,ArtificialPath,55800,0.001153894998130,True
49246,9998210,1/28/2008 0:00:00,Medium, , ,0.135000000000000,15030104001997,With Digitized,120049933,ArtificialPath,55800,0.001380064422020,True
49319,9998256,3/28/2008 0:00:00,Medium, , ,0.069000000000000,15030104002063,With Digitized,120049933,ArtificialPath,55800,0.000744278398826,True
49320,9998224,3/28/2008 0:00:00,Medium, , ,0.096000000000000,15030104002063,With Digitized,120049933,ArtificialPath,55800,0.000907214620498,True
49322,10001184,3/28/2008 0:00:00,Medium, , ,0.072000000000000,15030104002067,With Digitized,120049933,ArtificialPath,55800,0.000726154780225,True
49323,10001188,3/28/2008 0:00:00,Medium, , ,0.282000000000000,15030104002067,With Digitized,120049933,ArtificialPath,55800,0.002898216884770,True
49325,10001196,3/28/2008 0:00:00,Medium, , ,0.187000000000000,15030104002068,With Digitized,120049933,ArtificialPath,55800,0.001875294613800,True
49326,10001198,3/28/2008 0:00:00,Medium, , ,0.361000000000000,15030104002068,With Digitized,120049933,ArtificialPath,55800,0.003279819324570,True
49328,10001204,1/28/2008 0:00:00,Medium, , ,0.165000000000000,15030104002069,With Digitized,120049933,ArtificialPath,55800,0.001777049906050,True
49338,10001208,1/28/2008 0:00:00,Medium, , ,0.171000000000000,15030104002077,With Digitized,120049933,ArtificialPath,55800,0.001801755506120,True
49442,10003806,1/28/2008 0:00:00,Medium, , ,0.081000000000000,15030104002175,With Digitized,120049933,ArtificialPath,55800,0.000872036207742,True
49444,10003818,1/28/2008 0:00:00,Medium, , ,0.080000000000000,15030104002176,With Digitized,120049933,ArtificialPath,55800,0.000858951455500,True
49453,10003828,1/28/2008 0:00:00,Medium, , ,0.047000000000000,15030104002184,With Digitized,120049933,ArtificialPath,55800,0.000493655195427,True
49501,10003840,1/28/2008 0:00:00,Medium, , ,0.058000000000000,15030104002231,With Digitized,120049933,ArtificialPath,55800,0.000627953661561,True
49504,10003854,1/28/2008 0:00:00,Medium, , ,0.991000000000000,15030104002232,With Digitized,120049933,ArtificialPath,55800,0.009278886758010,True
49512,10003874,1/28/2008 0:00:00,Medium, , ,0.060000000000000,15030104002239,With Digitized,120049933,ArtificialPath,55800,0.000648689586171,True
49522,10003892,1/28/2008 0:00:00,Medium, , ,0.134000000000000,15030104002248,With Digitized,120049933,ArtificialPath,55800,0.001315280124260,True
49524,10003900,1/28/2008 0:00:00,Medium, , ,0.016000000000000,15030104002249,With Digitized,-9998,ArtificialPath,55800,0.000160042551983,True
49525,10003902,1/28/2008 0:00:00,Medium, , ,0.378000000000000,15030104002249,With Digitized,120049933,ArtificialPath,55800,0.003416870671090,True
49526,10003906,1/28/2008 0:00:00,Medium, , ,0.061000000000000,15030104002250,With Digitized,120049933,ArtificialPath,55800,0.000599687257827,True
49530,10003912,1/28/2008 0:00:00,Medium, , ,0.105000000000000,15030104002252,With Digitized,120049933,ArtificialPath,55800,0.000947850335772,True
49621,10004908,11/13/2009 0:00:00,Medium, , ,0.068000000000000,15030104002341,With Digitized,120049933,ArtificialPath,55800,0.000628840151828,True
49622,10004914,11/13/2009 0:00:00,Medium, , ,0.076000000000000,15030104002341,With Digitized,120049933,ArtificialPath,55800,0.000777724848962,True
49625,10004896,1/28/2008 0:00:00,Medium, , ,0.067000000000000,15030104002342,With Digitized,120049933,ArtificialPath,55800,0.000676296385427,True
49626,10004880,1/28/2008 0:00:00,Medium, , ,0.104000000000000,15030104002343,With Digitized,120049933,ArtificialPath,55800,0.001057588308920,True
49646,10005018,1/28/2008 0:00:00,Medium, , ,0.102000000000000,15030104002354,With Digitized,-9998,ArtificialPath,55800,0.001059914509340,True
49656,10005014,1/28/2008 0:00:00,Medium, , ,0.092000000000000,15030104002363,With Digitized,-9998,ArtificialPath,55800,0.000993115307866,True
50356,9998260,1/28/2008 0:00:00,Medium,5011,Giers Wash,0.141000000000000,15030104003177,With Digitized,120049933,ArtificialPath,55800,0.001530403797640,True
50357,9998202,1/28/2008 0:00:00,Medium,45730,Colorado River,0.325000000000000,15030104003178,With Digitized,120049933,ArtificialPath,55800,0.002972782370400,True
50359,9998258,1/28/2008 0:00:00,Medium,45730,Colorado River,2.253000000000000,15030104003180,With Digitized,120049933,ArtificialPath,55800,0.020768544345400,True
50360,9998140,1/28/2008 0:00:00,Medium,45730,Colorado River,0.949000000000000,15030104003180,With Digitized,120049933,ArtificialPath,55800,0.008603271490540,True
50361,9998144,1/28/2008 0:00:00,Medium,45730,Colorado River,0.221000000000000,15030104003180,With Digitized,120049933,ArtificialPath,55800,0.002058406001450,True
50362,9998154,1/28/2008 0:00:00,Medium,45730,Colorado River,0.878000000000000,15030104003181,With Digitized,120049933,ArtificialPath,55800,0.009275076942380,True
50363,9998148,1/28/2008 0:00:00,Medium,45730,Colorado River,4.352000000000000,15030104003181,With Digitized,120049933,ArtificialPath,55800,0.045229260114400,True
50414,10001212,1/28/2008 0:00:00,Medium,45730,Colorado River,0.439000000000000,15030104003226,With Digitized,120049933,ArtificialPath,55800,0.004082377301210,True
50415,10001254,1/28/2008 0:00:00,Medium,45730,Colorado River,0.708000000000000,15030104003227,With Digitized,120049933,ArtificialPath,55800,0.006361338823580,True
50424,10001288,11/13/2009 0:00:00,Medium, , ,1.180000000000000,15030104003233,Uninitialized,120049933,ArtificialPath,55800,0.011401877321200,True
50425,10001286,11/13/2009 0:00:00,Medium, , ,2.328000000000000,15030104003233,Uninitialized,120049933,ArtificialPath,55800,0.023461858665700,True
50492,10001214,1/28/2008 0:00:00,Medium,409,Ehrenberg Wash,0.064000000000000,15030104003297,With Digitized,120049933,ArtificialPath,55800,0.000680035160946,True
50493,10001728,1/28/2008 0:00:00,Medium, , ,5.375000000000000,15030104003299,With Digitized,22636632,ArtificialPath,55800,0.054806413956500,True
50505,10010626,1/28/2008 0:00:00,Medium, , ,5.197000000000000,15030104003309,With Digitized,120049933,ArtificialPath,55800,0.048895288983000,True
50506,945030371,1/28/2008 0:00:00,Medium, , ,4.633000000000000,15030104003309,With Digitized,120049933,ArtificialPath,55800,0.070552750446400,True
50507,945030372,1/28/2008 0:00:00,Medium, , ,2.946000000000000,15030104003309,With Digitized,120049933,ArtificialPath,55800,0.070552750446400,True
50508,10003976,1/28/2008 0:00:00,Medium,45730,Colorado River,1.737000000000000,15030104003310,With Digitized,120049933,ArtificialPath,55800,0.017170819244000,True
50511,10003996,11/13/2009 0:00:00,Medium, , ,0.023000000000000,15030104003313,With Digitized,120049933,ArtificialPath,55800,0.000206934074029,True
50530,10004000,1/28/2008 0:00:00,Medium,45730,Colorado River,0.244000000000000,15030104003330,With Digitized,120049933,ArtificialPath,55800,0.002342139008900,True
50544,10004898,1/28/2008 0:00:00,Medium,45730,Colorado River,1.367000000000000,15030104003338,With Digitized,120049933,ArtificialPath,55800,0.012350881191800,True
50545,10004928,1/28/2008 0:00:00,Medium,45730,Colorado River,0.594000000000000,15030104003339,With Digitized,120049933,ArtificialPath,55800,0.005888641535820,True
50546,10004910,1/28/2008 0:00:00,Medium,45730,Colorado River,1.220000000000000,15030104003339,With Digitized,120049933,ArtificialPath,55800,0.011079366302500,True
50548,10004926,1/28/2008 0:00:00,Medium,45730,Colorado River,0.407000000000000,15030104003341,With Digitized,120049933,ArtificialPath,55800,0.004250467651520,True
50549,10004920,1/28/2008 0:00:00,Medium,45730,Colorado River,0.224000000000000,15030104003341,With Digitized,120049933,ArtificialPath,55800,0.002409402700500,True
50550,10004976,1/28/2008 0:00:00,Medium,45730,Colorado River,1.234000000000000,15030104003342,With Digitized,120049933,ArtificialPath,55800,0.012782742363100,True
50551,10004918,1/28/2008 0:00:00,Medium,45730,Colorado River,0.159000000000000,15030104003343,With Digitized,120049933,ArtificialPath,55800,0.001645637951230,True
50553,10004978,1/28/2008 0:00:00,Medium, , ,0.764000000000000,15030104003345,With Digitized,-9998,ArtificialPath,55800,0.007435578220870,True
50554,10010622,1/28/2008 0:00:00,Medium, , ,0.546000000000000,15030104003345,With Digitized,-9998,ArtificialPath,55800,0.005297872136540,True
50556,10004922,1/28/2008 0:00:00,Medium,45730,Colorado River,0.072000000000000,15030104003347,With Digitized,120049933,ArtificialPath,55800,0.000667418435088,True
50558,10004982,1/28/2008 0:00:00,Medium,45730,Colorado River,0.007000000000000,15030104003347,With Digitized,120049933,ArtificialPath,55800,0.000068119013427,True
50559,10004998,1/28/2008 0:00:00,Medium, , ,0.200000000000000,15030104003348,With Digitized,-9998,ArtificialPath,55800,0.001821103843370,True
50560,10005000,1/28/2008 0:00:00,Medium, , ,0.179000000000000,15030104003348,With Digitized,-9998,ArtificialPath,55800,0.001647088107970,True
50561,10005002,1/28/2008 0:00:00,Medium, , ,0.267000000000000,15030104003348,With Digitized,-9998,ArtificialPath,55800,0.002438948621890,True
50572,10010426,1/28/2008 0:00:00,Medium,45730,Colorado River,0.383000000000000,15030104003359,With Digitized,120049933,ArtificialPath,55800,0.003945856812400,True
50610,10010504,1/28/2008 0:00:00,Medium, , ,0.059000000000000,15030104003396,With Digitized,120049933,ArtificialPath,55800,0.000550976548560,True
50611,10010508,1/28/2008 0:00:00,Medium, , ,2.277000000000000,15030104003396,With Digitized,120049933,ArtificialPath,55800,0.024455717514100,True
50612,10010662,1/28/2008 0:00:00,Medium, , ,0.100000000000000,15030104003396,With Digitized,120049933,ArtificialPath,55800,0.001034018104470,True
50616,10010528,1/28/2008 0:00:00,Medium, , ,0.152000000000000,15030104003399,With Digitized,120049933,ArtificialPath,55800,0.001379354413670,True
50617,10010534,1/28/2008 0:00:00,Medium,45730,Colorado River,0.208000000000000,15030104003400,With Digitized,120049933,ArtificialPath,55800,0.002077859030400,True
50618,10010536,1/28/2008 0:00:00,Medium,45730,Colorado River,4.861000000000000,15030104003402,With Digitized,120049933,ArtificialPath,55800,0.045743228122200,True
50619,10001216,1/28/2008 0:00:00,Medium,45730,Colorado River,1.354000000000000,15030104003402,With Digitized,120049933,ArtificialPath,55800,0.013441008469500,True
50634,10003808,1/28/2008 0:00:00,Medium,45730,Colorado River,1.237000000000000,15030104003418,With Digitized,120049933,ArtificialPath,55800,0.011505084088600,True
50635,10001228,1/28/2008 0:00:00,Medium,45730,Colorado River,1.729000000000000,15030104003419,With Digitized,120049933,ArtificialPath,55800,0.017686470326900,True
50636,10003804,1/28/2008 0:00:00,Medium,45730,Colorado River,0.517000000000000,15030104003419,With Digitized,120049933,ArtificialPath,55800,0.004890400472320,True
50637,10010658,1/28/2008 0:00:00,Medium,45730,Colorado River,0.606000000000000,15030104003419,With Digitized,120049933,ArtificialPath,55800,0.006424945404720,True
50638,10010660,1/28/2008 0:00:00,Medium,45730,Colorado River,0.899000000000000,15030104003419,With Digitized,120049933,ArtificialPath,55800,0.009071210681810,True
50647,10003846,1/28/2008 0:00:00,Medium,45730,Colorado River,2.340000000000000,15030104003428,With Digitized,120049933,ArtificialPath,55800,0.022078662088900,True
50648,945030190,1/28/2008 0:00:00,Medium,45730,Colorado River,7.853000000000000,15030104003428,With Digitized,120049933,ArtificialPath,55800,0.096148212487500,True
50649,945030191,1/28/2008 0:00:00,Medium,45730,Colorado River,1.733000000000000,15030104003428,With Digitized,120049933,ArtificialPath,55800,0.096148212487500,True
50653,10003868,1/28/2008 0:00:00,Medium,45730,Colorado River,0.163000000000000,15030104003432,With Digitized,120049933,ArtificialPath,55800,0.001499575750980,True
50654,10003916,1/28/2008 0:00:00,Medium,45730,Colorado River,2.904000000000000,15030104003433,With Digitized,120049933,ArtificialPath,55800,0.028448990708500,True
50655,945030331,1/28/2008 0:00:00,Medium,45730,Colorado River,2.644000000000000,15030104003434,With Digitized,120049933,ArtificialPath,55800,0.044339275524100,True
50656,945030332,1/28/2008 0:00:00,Medium,45730,Colorado River,1.523000000000000,15030104003434,With Digitized,120049933,ArtificialPath,55800,0.044339275524100,True
50657,945030198,1/28/2008 0:00:00,Medium,45730,Colorado River,2.569000000000000,15030104003435,With Digitized,120049933,ArtificialPath,55800,0.027534193273000,True
50658,945030199,1/28/2008 0:00:00,Medium,45730,Colorado River,0.245000000000000,15030104003435,With Digitized,120049933,ArtificialPath,55800,0.027534193273000,True
50659,10003930,1/28/2008 0:00:00,Medium,45730,Colorado River,0.059000000000000,15030104003436,With Digitized,120049933,ArtificialPath,55800,0.000608440139425,True
50660,9998158,1/28/2008 0:00:00,Medium,45730,Colorado River,0.882000000000000,15030104003437,With Digitized,120049933,ArtificialPath,55800,0.008253743409920,True
50661,10003948,1/28/2008 0:00:00,Medium,45730,Colorado River,0.540000000000000,15030104003438,With Digitized,120049933,ArtificialPath,55800,0.004860565030370,True
50662,10004882,1/28/2008 0:00:00,Medium,45730,Colorado River,0.361000000000000,15030104003438,With Digitized,120049933,ArtificialPath,55800,0.003259012811400,True
50663,10004878,1/28/2008 0:00:00,Medium,45730,Colorado River,0.115000000000000,15030104003438,With Digitized,120049933,ArtificialPath,55800,0.001037918655010,True
50665,10003918,1/28/2008 0:00:00,Medium,45730,Colorado River,5.684000000000000,15030104003440,With Digitized,120049933,ArtificialPath,55800,0.059468843552500,True
50666,10003928,1/28/2008 0:00:00,Medium,45730,Colorado River,0.567000000000000,15030104003440,With Digitized,120049933,ArtificialPath,55800,0.006012561090030,True
50667,10003920,1/28/2008 0:00:00,Medium,45730,Colorado River,0.221000000000000,15030104003440,With Digitized,120049933,ArtificialPath,55800,0.002365438545490,True
50669,945030196,1/28/2008 0:00:00,Medium,45730,Colorado River,0.574000000000000,15030104003442,With Digitized,120049933,ArtificialPath,55800,0.010430546242200,True
50670,945030197,1/28/2008 0:00:00,Medium,45730,Colorado River,0.499000000000000,15030104003442,With Digitized,120049933,ArtificialPath,55800,0.010430546242200,True
50671,945030194,1/28/2008 0:00:00,Medium,45730,Colorado River,2.211000000000000,15030104003443,With Digitized,120049933,ArtificialPath,55800,0.036138797035900,True
50672,945030195,1/28/2008 0:00:00,Medium,45730,Colorado River,1.735000000000000,15030104003443,With Digitized,120049933,ArtificialPath,55800,0.036138797035900,True
50673,945030192,1/28/2008 0:00:00,Medium,45730,Colorado River,3.572000000000000,15030104003444,With Digitized,120049933,ArtificialPath,55800,0.048342822261100,True
50674,945030399,1/28/2008 0:00:00,Medium,45730,Colorado River,1.458000000000000,15030104003444,With Digitized,120049933,ArtificialPath,55800,0.048342822261100,True
50675,945030400,1/28/2008 0:00:00,Medium,45730,Colorado River,0.183000000000000,15030104003444,With Digitized,120049933,ArtificialPath,55800,0.048342822261100,True
50677,10003814,1/28/2008 0:00:00,Medium, , ,0.084000000000000,15030104003445,With Digitized,120049933,ArtificialPath,55800,0.000896215791273,True
50680,10003812,1/28/2008 0:00:00,Medium,45730,Colorado River,0.419000000000000,15030104003447,With Digitized,120049933,ArtificialPath,55800,0.003877082545030,True
50681,10001218,1/28/2008 0:00:00,Medium,45730,Colorado River,3.327000000000000,15030104003448,With Digitized,120049933,ArtificialPath,55800,0.032731427970000,True
50684,10001238,1/28/2008 0:00:00,Medium,45730,Colorado River,0.890000000000000,15030104003451,With Digitized,120049933,ArtificialPath,55800,0.008634785485160,True
50685,10001158,1/28/2008 0:00:00,Medium,45730,Colorado River,5.959000000000000,15030104003453,With Digitized,120049933,ArtificialPath,55800,0.059817077159200,True
50686,9998246,1/28/2008 0:00:00,Medium,45730,Colorado River,1.772000000000000,15030104003454,With Digitized,120049933,ArtificialPath,55800,0.016030346157800,True
50687,9998254,1/28/2008 0:00:00,Medium,45730,Colorado River,1.281000000000000,15030104003454,With Digitized,120049933,ArtificialPath,55800,0.012651705856800,True
50688,10010632,1/28/2008 0:00:00,Medium,45730,Colorado River,5.516000000000000,15030104003454,With Digitized,120049933,ArtificialPath,55800,0.054688411727000,True
50689,9998250,1/28/2008 0:00:00,Medium,45730,Colorado River,8.190000000000000,15030104003454,With Digitized,120049933,ArtificialPath,55800,0.078197988695000,True
50690,10001152,1/28/2008 0:00:00,Medium,45730,Colorado River,0.215000000000000,15030104003454,With Digitized,120049933,ArtificialPath,55800,0.002036618555550,True
50691,945030200,1/28/2008 0:00:00,Medium,45730,Colorado River,3.079000000000000,15030104003454,With Digitized,120049933,ArtificialPath,55800,0.056519853048700,True
50692,945030201,1/28/2008 0:00:00,Medium,45730,Colorado River,2.636000000000000,15030104003454,With Digitized,120049933,ArtificialPath,55800,0.056519853048700,True
50693,9998270,1/28/2008 0:00:00,Medium,45730,Colorado River,0.573000000000000,15030104003455,With Digitized,120049933,ArtificialPath,55800,0.006240573470250,True
50694,9998238,1/28/2008 0:00:00,Medium,45730,Colorado River,1.672000000000000,15030104003456,With Digitized,120049933,ArtificialPath,55800,0.017740191152600,True
50695,9998262,1/28/2008 0:00:00,Medium,45730,Colorado River,2.460000000000000,15030104003457,With Digitized,120049933,ArtificialPath,55800,0.025851441840300,True
50697,9998204,1/28/2008 0:00:00,Medium,45730,Colorado River,0.978000000000000,15030104003459,With Digitized,120049933,ArtificialPath,55800,0.008882987232690,True
50698,9998172,1/28/2008 0:00:00,Medium,45730,Colorado River,1.316000000000000,15030104003460,With Digitized,120049933,ArtificialPath,55800,0.013166340392000,True
50699,9998176,1/28/2008 0:00:00,Medium,45730,Colorado River,0.099000000000000,15030104003460,With Digitized,120049933,ArtificialPath,55800,0.000938141340676,True
50700,9998188,1/28/2008 0:00:00,Medium,45730,Colorado River,0.290000000000000,15030104003460,With Digitized,120049933,ArtificialPath,55800,0.002863810514580,True
50701,9998166,1/28/2008 0:00:00,Medium,45730,Colorado River,0.080000000000000,15030104003460,With Digitized,120049933,ArtificialPath,55800,0.000844321856755,True
50702,9998184,1/28/2008 0:00:00,Medium,45730,Colorado River,0.709000000000000,15030104003460,With Digitized,120049933,ArtificialPath,55800,0.006952350114900,True
50703,9998164,1/28/2008 0:00:00,Medium,45730,Colorado River,0.850000000000000,15030104003460,With Digitized,120049933,ArtificialPath,55800,0.008588223923200,True
50704,9998180,1/28/2008 0:00:00,Medium,45730,Colorado River,0.826000000000000,15030104003460,With Digitized,120049933,ArtificialPath,55800,0.008211646748490,True
50776,10003810,3/28/2008 0:00:00,Medium, , ,0.071000000000000,15030104003521,With Digitized,120049933,ArtificialPath,55800,0.000728281399227,True
50805,10003844,1/28/2008 0:00:00,Medium,45730,Colorado River,2.682000000000000,15030104003549,With Digitized,120049933,ArtificialPath,55800,0.025815339219200,True
50831,9998174,1/28/2008 0:00:00,Medium, , ,0.089000000000000,15030104003571,With Digitized,120049933,ArtificialPath,55800,0.000839778600183,True
50839,9998268,1/28/2008 0:00:00,Medium, , ,0.016000000000000,15030104003578,With Digitized,120049933,ArtificialPath,55800,0.000150041845816,True
50841,9998234,1/28/2008 0:00:00,Medium, , ,0.068000000000000,15030104003579,With Digitized,120049933,ArtificialPath,55800,0.000646226321451,True
50853,10003988,11/13/2009 0:00:00,Medium, , ,0.072000000000000,15030104003590,With Digitized,120049933,ArtificialPath,55800,0.000643736138838,True
50858,10003848,1/28/2008 0:00:00,Medium, , ,0.066000000000000,15030104003594,With Digitized,120049933,ArtificialPath,55800,0.000697909726961,True
50869,10001256,11/13/2009 0:00:00,Medium, , ,0.060000000000000,15030104003602,With Digitized,120049933,ArtificialPath,55800,0.000638205194150,True
50905,10001260,11/13/2009 0:00:00,Medium, , ,0.087000000000000,15030104003637,Uninitialized,120049933,ArtificialPath,55800,0.000941438144266,True
50947,10010586,11/13/2009 0:00:00,Medium, , ,0.190000000000000,15030104003671,With Digitized,120049933,ArtificialPath,55800,0.001706828883590,True
50965,10001270,11/13/2009 0:00:00,Medium, , ,0.085000000000000,15030104003688,Uninitialized,120049933,ArtificialPath,55800,0.000921130598568,True
50973,10001284,11/13/2009 0:00:00,Medium, , ,0.270000000000000,15030104003695,Uninitialized,120049933,ArtificialPath,55800,0.002602080381210,True
50975,10001282,11/13/2009 0:00:00,Medium, , ,0.038000000000000,15030104003696,Uninitialized,120049933,ArtificialPath,55800,0.000360926418511,True
50979,10001274,11/13/2009 0:00:00,Medium, , ,0.217000000000000,15030104003699,Uninitialized,120049933,ArtificialPath,55800,0.001951740671930,True
50981,10001280,11/13/2009 0:00:00,Medium, , ,0.142000000000000,15030104003700,Uninitialized,120049933,ArtificialPath,55800,0.001510611155760,True
51007,10001296,11/13/2009 0:00:00,Medium, , ,0.066000000000000,15030104003724,Uninitialized,120049933,ArtificialPath,55800,0.000647965845142,True
51012,10003990,1/28/2008 0:00:00,Medium, , ,0.046000000000000,15030104003728,With Digitized,120049933,ArtificialPath,55800,0.000489913742224,True
51014,10004002,1/28/2008 0:00:00,Medium, , ,0.099000000000000,15030104003729,With Digitized,120049933,ArtificialPath,55800,0.000923277280147,True
51023,10001178,11/13/2009 0:00:00,Medium, , ,0.163000000000000,15030104003735,With Digitized,120049933,ArtificialPath,55800,0.001751158485340,True
51024,10001174,11/13/2009 0:00:00,Medium, , ,0.176000000000000,15030104003735,With Digitized,120049933,ArtificialPath,55800,0.001867214756830,True
51026,10001162,3/28/2008 0:00:00,Medium, , ,0.128000000000000,15030104003736,With Digitized,120049933,ArtificialPath,55800,0.001372915819020,True
51027,10001164,3/28/2008 0:00:00,Medium, , ,0.213000000000000,15030104003736,With Digitized,120049933,ArtificialPath,55800,0.001997297420730,True
51035,10001240,11/13/2009 0:00:00,Medium, , ,0.300000000000000,15030104003743,With Digitized,120049933,ArtificialPath,55800,0.003235734477960,True
51037,10001242,11/13/2009 0:00:00,Medium, , ,0.241000000000000,15030104003743,With Digitized,120049933,ArtificialPath,55800,0.002242677607740,True
51082,945030157,10/13/1999 0:00:00,Medium, , ,0.103000000000000,15030104003783,With Digitized,120049933,ArtificialPath,55800,0.044531080377200,True
51134,25130380,1/28/2008 0:00:00,Medium, , ,1.939000000000000,15030104003994,With Digitized,22636636,ArtificialPath,55800,0.020237280782500,True
51139,10001192,1/28/2008 0:00:00,Medium,45730,Colorado River,0.780000000000000,15030104004018,With Digitized,120049933,ArtificialPath,55800,0.007693593618620,True
51140,10001186,1/28/2008 0:00:00,Medium,45730,Colorado River,3.215000000000000,15030104004018,With Digitized,120049933,ArtificialPath,55800,0.032589463030900,True
51141,10001298,1/28/2008 0:00:00,Medium,45730,Colorado River,0.693000000000000,15030104004018,With Digitized,120049933,ArtificialPath,55800,0.007504533424220,True
51142,10010650,1/28/2008 0:00:00,Medium,45730,Colorado River,0.450000000000000,15030104004018,With Digitized,120049933,ArtificialPath,55800,0.004462518683540,True
51143,10001194,1/28/2008 0:00:00,Medium,45730,Colorado River,0.040000000000000,15030104004018,With Digitized,120049933,ArtificialPath,55800,0.000379503593329,True
51144,10010646,1/28/2008 0:00:00,Medium,45730,Colorado River,4.148000000000000,15030104004018,With Digitized,120049933,ArtificialPath,55800,0.039311475633800,True
51145,10010648,1/28/2008 0:00:00,Medium,45730,Colorado River,2.460000000000000,15030104004018,With Digitized,120049933,ArtificialPath,55800,0.024406316983200,True
51146,945030166,1/28/2008 0:00:00,Medium,45730,Colorado River,4.728000000000000,15030104004019,With Digitized,120049933,ArtificialPath,55800,0.055815497044200,True
51147,10010638,1/28/2008 0:00:00,Medium,45730,Colorado River,0.695000000000000,15030104004019,With Digitized,120049933,ArtificialPath,55800,0.007119114402670,True
51148,10001180,1/28/2008 0:00:00,Medium,45730,Colorado River,1.526000000000000,15030104004019,With Digitized,120049933,ArtificialPath,55800,0.013977677705200,True
51149,10010644,1/28/2008 0:00:00,Medium,45730,Colorado River,0.222000000000000,15030104004019,With Digitized,120049933,ArtificialPath,55800,0.002180543047670,True
51150,10001176,1/28/2008 0:00:00,Medium,45730,Colorado River,0.273000000000000,15030104004019,With Digitized,120049933,ArtificialPath,55800,0.002534250733500,True
51151,10010640,1/28/2008 0:00:00,Medium,45730,Colorado River,0.122000000000000,15030104004019,With Digitized,120049933,ArtificialPath,55800,0.001248052496720,True
51152,945030202,1/28/2008 0:00:00,Medium,45730,Colorado River,4.420000000000000,15030104004019,With Digitized,120049933,ArtificialPath,55800,0.046092364755500,True
51153,10001172,1/28/2008 0:00:00,Medium,45730,Colorado River,1.365000000000000,15030104004019,With Digitized,120049933,ArtificialPath,55800,0.012546228251200,True
51154,10010642,1/28/2008 0:00:00,Medium,45730,Colorado River,0.470000000000000,15030104004019,With Digitized,120049933,ArtificialPath,55800,0.004406148991960,True
51155,945030167,1/28/2008 0:00:00,Medium,45730,Colorado River,1.252000000000000,15030104004019,With Digitized,120049933,ArtificialPath,55800,0.055815497044200,True
51156,945030203,1/28/2008 0:00:00,Medium,45730,Colorado River,0.616000000000000,15030104004019,With Digitized,120049933,ArtificialPath,55800,0.046092364755500,True
51179,25130392,1/28/2008 0:00:00,Medium,238769,Arroyo Seco,0.268000000000000,15030104004042,With Digitized,22636630,ArtificialPath,55800,0.002800505048950,True
51180,25130394,1/28/2008 0:00:00,Medium, , ,0.206000000000000,15030104004043,With Digitized,22636630,ArtificialPath,55800,0.002118485124700,True
51181,25130396,1/28/2008 0:00:00,Medium,238769,Arroyo Seco,0.865000000000000,15030104004044,With Digitized,22636630,ArtificialPath,55800,0.007905375657680,True
51182,25130398,1/28/2008 0:00:00,Medium, , ,0.477000000000000,15030104004045,With Digitized,22636630,ArtificialPath,55800,0.004811786710940,True
51183,25130400,1/28/2008 0:00:00,Medium,238769,Arroyo Seco,2.466000000000000,15030104004046,With Digitized,22636630,ArtificialPath,55800,0.025257763900000,True
51184,25130404,1/28/2008 0:00:00,Medium, , ,0.076000000000000,15030104004047,With Digitized,22636626,ArtificialPath,55800,0.000808762598138,True
51185,25130406,1/28/2008 0:00:00,Medium,238769,Arroyo Seco,0.133000000000000,15030104004048,With Digitized,22636626,ArtificialPath,55800,0.001224802293250,True
51186,25130408,1/28/2008 0:00:00,Medium, , ,0.140000000000000,15030104004049,With Digitized,22636626,ArtificialPath,55800,0.001510024140270,True
51187,25130410,1/28/2008 0:00:00,Medium, , ,0.135000000000000,15030104004050,With Digitized,22636626,ArtificialPath,55800,0.001452787601010,True
51188,25130412,1/28/2008 0:00:00,Medium,238769,Arroyo Seco,0.256000000000000,15030104004051,With Digitized,22636626,ArtificialPath,55800,0.002361355049620,True
51189,25130414,1/28/2008 0:00:00,Medium,238769,Arroyo Seco,0.248000000000000,15030104004052,With Digitized,22636626,ArtificialPath,55800,0.002269646834720,True
51190,25130416,1/28/2008 0:00:00,Medium, , ,1.253000000000000,15030104004053,With Digitized,22636626,ArtificialPath,55800,0.012831687105400,True
51191,25130418,1/28/2008 0:00:00,Medium,238769,Arroyo Seco,1.198000000000000,15030104004054,With Digitized,22636626,ArtificialPath,55800,0.010950851853000,True
51192,25130420,1/28/2008 0:00:00,Medium, , ,0.321000000000000,15030104004055,With Digitized,22636626,ArtificialPath,55800,0.002970331759990,True
51193,25130422,1/28/2008 0:00:00,Medium,238769,Arroyo Seco,0.391000000000000,15030104004056,With Digitized,22636626,ArtificialPath,55800,0.003622945971940,True
51194,25130424,1/28/2008 0:00:00,Medium,238769,Arroyo Seco,0.640000000000000,15030104004057,With Digitized,22636626,ArtificialPath,55800,0.005780370845940,True
51195,10001250,11/13/2009 0:00:00,Medium, , ,0.146000000000000,15030104013487,With Digitized,120049933,ArtificialPath,55800,0.001495291863690,True
51198,945030075,12/1/2010 0:00:00,Medium, , ,0.048000000000000,15030104013600,With Digitized,120049933,ArtificialPath,55800,0.000000000000000,True
51199,945030077,12/1/2010 0:00:00,Medium, , ,0.237000000000000,15030104013601,With Digitized,120049933,ArtificialPath,55800,0.000000000000000,True
51208,945030175,10/13/1999 0:00:00,Medium, , ,0.366000000000000,15030104013610,With Digitized,120049933,ArtificialPath,55800,0.006105341460720,True
51209,945030187,10/13/1999 0:00:00,Medium,240279,Carrizo Wash,0.054000000000000,15030104013611,With Digitized,120049933,ArtificialPath,55800,0.025775570733700,True
51210,945030110,1/11/2011 0:00:00,Medium, , ,0.057000000000000,15030104013612,With Digitized,120049933,ArtificialPath,55800,0.000000000000000,True
51217,945030151,10/13/1999 0:00:00,Medium, , ,0.130000000000000,15030104013619,With Digitized,120049933,ArtificialPath,55800,0.006212067357840,True
51222,945030136,12/1/2010 0:00:00,Medium, , ,0.078000000000000,15030104013624,With Digitized,120049933,ArtificialPath,55800,0.000000000000000,True
51228,945030330,12/1/2010 0:00:00,Medium, , ,0.062000000000000,15030104013630,With Digitized,120049933,ArtificialPath,55800,0.000000000000000,True
51232,945030342,1/28/2008 0:00:00,Medium, , ,0.091000000000000,15030104013633,With Digitized,120049933,ArtificialPath,55800,0.005702546725510,True
51237,945030398,1/28/2008 0:00:00,Medium, , ,0.061000000000000,15030104013638,With Digitized,120049933,ArtificialPath,55800,0.007406033082610,True
52875,21412711,1/28/2008 0:00:00,Medium,45730,Colorado River,1.806000000000000,15030107000002,With Digitized,22604129,ArtificialPath,55800,0.016789182520500,True
52877,21412845,1/28/2008 0:00:00,Medium,45730,Colorado River,2.766000000000000,15030107000002,With Digitized,22603667,ArtificialPath,55800,0.027147542653500,True
52878,21412847,1/28/2008 0:00:00,Medium,45730,Colorado River,2.315000000000000,15030107000002,With Digitized,22603667,ArtificialPath,55800,0.022482582417700,True
52881,21412867,1/28/2008 0:00:00,Medium,45730,Colorado River,1.886000000000000,15030107000002,With Digitized,22604129,ArtificialPath,55800,0.017783056277800,True
52882,21412869,1/28/2008 0:00:00,Medium,45730,Colorado River,0.338000000000000,15030107000002,With Digitized,22603663,ArtificialPath,55800,0.003169915566570,True
52883,21412757,1/28/2008 0:00:00,Medium,45730,Colorado River,0.285000000000000,15030107000002,With Digitized,22603665,ArtificialPath,55800,0.002726152647400,True
52884,21412871,1/28/2008 0:00:00,Medium,45730,Colorado River,0.408000000000000,15030107000002,With Digitized,22603665,ArtificialPath,55800,0.003878726071990,True
52886,21412679,1/28/2008 0:00:00,Medium,45730,Colorado River,0.820000000000000,15030107000008,With Digitized,22604129,ArtificialPath,55800,0.007817552097300,True
52887,21412691,1/28/2008 0:00:00,Medium,45730,Colorado River,0.638000000000000,15030107000008,With Digitized,22604129,ArtificialPath,55800,0.005897329492020,True
52888,21412687,1/28/2008 0:00:00,Medium,45730,Colorado River,3.156000000000000,15030107000008,With Digitized,22604129,ArtificialPath,55800,0.028876478031200,True
52889,21412713,1/28/2008 0:00:00,Medium,45730,Colorado River,0.804000000000000,15030107000008,With Digitized,22604129,ArtificialPath,55800,0.007277880289990,True
52890,21413715,1/28/2008 0:00:00,Medium,45730,Colorado River,0.204000000000000,15030107000008,With Digitized,22604129,ArtificialPath,55800,0.001844893791120,True
52891,21413717,1/28/2008 0:00:00,Medium,45730,Colorado River,1.039000000000000,15030107000008,With Digitized,22604129,ArtificialPath,55800,0.009369650482740,True
52892,21412675,1/28/2008 0:00:00,Medium,45730,Colorado River,0.436000000000000,15030107000008,With Digitized,22604129,ArtificialPath,55800,0.004159311464250,True
52893,21412681,1/28/2008 0:00:00,Medium,45730,Colorado River,1.075000000000000,15030107000008,With Digitized,22604129,ArtificialPath,55800,0.010576644976400,True
52895,21412699,1/28/2008 0:00:00,Medium, , ,0.532000000000000,15030107000013,Uninitialized,22604129,ArtificialPath,55800,0.005147365695430,True
52903,21412851,1/28/2008 0:00:00,Medium, , ,0.220000000000000,15030107000027,With Digitized,-9998,ArtificialPath,55800,0.002099506699640,True
52950,21412865,11/13/2009 0:00:00,Medium, , ,0.040000000000000,15030107000151,With Digitized,22604129,ArtificialPath,55800,0.000423382070005,True
52955,21412859,11/13/2009 0:00:00,Medium, , ,0.081000000000000,15030107000166,With Digitized,22604129,ArtificialPath,55800,0.000868033894523,True
52961,21412877,1/28/2008 0:00:00,Medium, , ,0.241000000000000,15030107000175,Uninitialized,22603661,ArtificialPath,55800,0.002308161895190,True
52962,21412875,1/28/2008 0:00:00,Medium, , ,1.485000000000000,15030107000175,Uninitialized,22603659,ArtificialPath,55800,0.014270915884000,True
52972,21412863,11/13/2009 0:00:00,Medium, , ,0.064000000000000,15030107000190,With Digitized,22604129,ArtificialPath,55800,0.000674117403849,True
52980,21412813,11/13/2009 0:00:00,Medium, , ,0.040000000000000,15030107000226,Uninitialized,22603651,ArtificialPath,55800,0.000367467518780,True
52985,21412785,1/28/2008 0:00:00,Medium,238524,All American Canal,2.530000000000000,15030107000233,Uninitialized,22603651,ArtificialPath,55800,0.025202961166900,True
52986,21412793,1/28/2008 0:00:00,Medium,238524,All American Canal,6.206000000000000,15030107000236,Uninitialized,22603651,ArtificialPath,55800,0.063692836890300,True
52989,21412799,11/13/2009 0:00:00,Medium, , ,0.018000000000000,15030107000239,Uninitialized,22603651,ArtificialPath,55800,0.000174758359884,True
52990,21412797,11/13/2009 0:00:00,Medium, , ,0.025000000000000,15030107000239,Uninitialized,22603651,ArtificialPath,55800,0.000245567324604,True
53028,21412843,11/13/2009 0:00:00,Medium, , ,0.039000000000000,15030107000283,Uninitialized,22603651,ArtificialPath,55800,0.000368248340395,True
53032,21412855,11/13/2009 0:00:00,Medium, , ,0.048000000000000,15030107000288,Uninitialized,22603651,ArtificialPath,55800,0.000490767470776,True
53056,21412861,11/13/2009 0:00:00,Medium, , ,0.069000000000000,15030107000317,With Digitized,22604129,ArtificialPath,55800,0.000683525841744,True
53057,21412705,11/13/2009 0:00:00,Medium, , ,0.073000000000000,15030107000317,With Digitized,22604129,ArtificialPath,55800,0.000735211567642,True
53059,21412751,11/13/2009 0:00:00,Medium, , ,0.064000000000000,15030107000319,With Digitized,22604129,ArtificialPath,55800,0.000604311548529,True
53061,21412747,11/13/2009 0:00:00,Medium, , ,0.044000000000000,15030107000321,With Digitized,22604129,ArtificialPath,55800,0.000437180766001,True
53063,21412683,1/28/2008 0:00:00,Medium, , ,0.067000000000000,15030107000324,With Digitized,22604129,ArtificialPath,55800,0.000602358560162,True
53073,21412671,1/28/2008 0:00:00,Medium, , ,0.031000000000000,15030107000338,With Digitized,22604129,ArtificialPath,55800,0.000330033470095,True
53074,21412673,1/28/2008 0:00:00,Medium, , ,0.066000000000000,15030107000339,With Digitized,22604129,ArtificialPath,55800,0.000684208072542,True
53077,21412677,1/28/2008 0:00:00,Medium, , ,0.039000000000000,15030107000340,With Digitized,22604129,ArtificialPath,55800,0.000410028440079,True
53079,21412715,3/28/2008 0:00:00,Medium, , ,0.060000000000000,15030107000341,With Digitized,22604129,ArtificialPath,55800,0.000617625291897,True
53081,21412741,3/28/2008 0:00:00,Medium, , ,0.033000000000000,15030107000344,With Digitized,22604129,ArtificialPath,55800,0.000323333488503,True
53083,21412733,1/28/2008 0:00:00,Medium, , ,0.054000000000000,15030107000348,With Digitized,22604129,ArtificialPath,55800,0.000540098670656,True
53084,21412703,11/13/2009 0:00:00,Medium, , ,0.051000000000000,15030107000349,With Digitized,22604129,ArtificialPath,55800,0.000465522219310,True
53086,21412695,11/13/2009 0:00:00,Medium, , ,0.045000000000000,15030107000350,With Digitized,22604129,ArtificialPath,55800,0.000430257571814,True
53241,945030256,1/28/2008 0:00:00,Medium,238524,All American Canal,1.312000000000000,15030107000546,Uninitialized,22603651,ArtificialPath,55800,0.015574704028700,True
53242,945030257,1/28/2008 0:00:00,Medium,238524,All American Canal,0.295000000000000,15030107000546,Uninitialized,22603651,ArtificialPath,55800,0.015574704028700,True
53243,21412717,1/28/2008 0:00:00,Medium,45730,Colorado River,0.119000000000000,15030107000547,With Digitized,22604129,ArtificialPath,55800,0.001134166299950,True
53244,21412669,1/28/2008 0:00:00,Medium,45730,Colorado River,0.469000000000000,15030107000549,With Digitized,22604129,ArtificialPath,55800,0.004601948134190,True
53248,21412725,1/28/2008 0:00:00,Medium,45730,Colorado River,0.035000000000000,15030107000553,With Digitized,22604129,ArtificialPath,55800,0.000353283650064,True
53253,21412795,11/13/2009 0:00:00,Medium,238524,All American Canal,1.517000000000000,15030107000559,Uninitialized,22603651,ArtificialPath,55800,0.014727697274400,True
53258,21412743,1/28/2008 0:00:00,Medium,45730,Colorado River,0.050000000000000,15030107000565,With Digitized,22604129,ArtificialPath,55800,0.000498851676183,True
53259,21412737,1/28/2008 0:00:00,Medium,45730,Colorado River,0.015000000000000,15030107000565,With Digitized,22604129,ArtificialPath,55800,0.000137505926931,True
53260,21412745,1/28/2008 0:00:00,Medium,45730,Colorado River,0.701000000000000,15030107000566,With Digitized,22604129,ArtificialPath,55800,0.006570808065930,True
53261,21412749,1/28/2008 0:00:00,Medium,45730,Colorado River,0.748000000000000,15030107000567,With Digitized,22604129,ArtificialPath,55800,0.007240037925030,True
53265,21412721,1/28/2008 0:00:00,Medium, , ,0.055000000000000,15030107000570,With Digitized,22604129,ArtificialPath,55800,0.000543172587002,True
53266,21412729,11/13/2009 0:00:00,Medium, , ,0.047000000000000,15030107000572,Uninitialized,22604129,ArtificialPath,55800,0.000447142923234,True
53267,21412723,1/28/2008 0:00:00,Medium,45730,Colorado River,4.516000000000000,15030107000573,With Digitized,22604129,ArtificialPath,55800,0.047977877763200,True
53268,21412709,1/28/2008 0:00:00,Medium,45730,Colorado River,0.485000000000000,15030107000573,With Digitized,22604129,ArtificialPath,55800,0.005066142580350,True
53269,21413713,1/28/2008 0:00:00,Medium,45730,Colorado River,0.194000000000000,15030107000573,With Digitized,22604129,ArtificialPath,55800,0.002053616904700,True
53270,21412707,1/28/2008 0:00:00,Medium,45730,Colorado River,0.955000000000000,15030107000573,With Digitized,22604129,ArtificialPath,55800,0.010079864953800,True
53271,945030356,1/28/2008 0:00:00,Medium,238524,All American Canal,1.156000000000000,15030107000574,Uninitialized,22603651,ArtificialPath,55800,0.016319084118100,True
53272,945030357,1/28/2008 0:00:00,Medium,238524,All American Canal,0.392000000000000,15030107000574,Uninitialized,22603651,ArtificialPath,55800,0.016319084118100,True
53273,21412701,1/28/2008 0:00:00,Medium,45730,Colorado River,0.422000000000000,15030107000575,With Digitized,22604129,ArtificialPath,55800,0.004506590608370,True
53274,21412727,1/28/2008 0:00:00,Medium,45730,Colorado River,0.005000000000000,15030107000576,With Digitized,22604129,ArtificialPath,55800,0.000051303411073,True
53276,945030254,1/28/2008 0:00:00,Medium,45730,Colorado River,1.039000000000000,15030107000578,With Digitized,22604129,ArtificialPath,55800,0.019502353386700,True
53277,21412803,1/28/2008 0:00:00,Medium,45730,Colorado River,1.031000000000000,15030107000578,With Digitized,22604129,ArtificialPath,55800,0.010346554161900,True
53278,21413711,1/28/2008 0:00:00,Medium,45730,Colorado River,0.284000000000000,15030107000578,With Digitized,22604129,ArtificialPath,55800,0.002878456269030,True
53279,945030255,1/28/2008 0:00:00,Medium,45730,Colorado River,0.968000000000000,15030107000578,With Digitized,22604129,ArtificialPath,55800,0.019502353386700,True
53280,21412731,1/28/2008 0:00:00,Medium,45730,Colorado River,0.536000000000000,15030107000579,With Digitized,22604129,ArtificialPath,55800,0.005731199068030,True
53281,21413721,1/28/2008 0:00:00,Medium,45730,Colorado River,0.244000000000000,15030107000579,With Digitized,22604129,ArtificialPath,55800,0.002604972527270,True
53282,21413719,1/28/2008 0:00:00,Medium,45730,Colorado River,1.570000000000000,15030107000579,With Digitized,22604129,ArtificialPath,55800,0.016550482470500,True
53283,21413723,1/28/2008 0:00:00,Medium,45730,Colorado River,1.018000000000000,15030107000579,With Digitized,22604129,ArtificialPath,55800,0.010822566143600,True
53284,21412753,1/28/2008 0:00:00,Medium,45730,Colorado River,3.020000000000000,15030107000579,With Digitized,22604129,ArtificialPath,55800,0.031849409600200,True
53285,21412755,1/28/2008 0:00:00,Medium,45730,Colorado River,1.887000000000000,15030107000580,With Digitized,22604129,ArtificialPath,55800,0.019155696905300,True
53286,21412735,1/28/2008 0:00:00,Medium,45730,Colorado River,0.718000000000000,15030107000581,With Digitized,22604129,ArtificialPath,55800,0.006597057062200,True
53313,21412817,1/28/2008 0:00:00,Medium,238524,All American Canal,5.217000000000000,15030107000608,Uninitialized,22603651,ArtificialPath,55800,0.054088927682700,True
53314,21412781,1/28/2008 0:00:00,Medium,238524,All American Canal,2.608000000000000,15030107000608,Uninitialized,22603651,ArtificialPath,55800,0.026237343166500,True
53315,21412787,1/28/2008 0:00:00,Medium,238524,All American Canal,1.718000000000000,15030107000609,Uninitialized,22603651,ArtificialPath,55800,0.016738291504700,True
53316,21412815,1/28/2008 0:00:00,Medium,238524,All American Canal,2.235000000000000,15030107000610,Uninitialized,22603651,ArtificialPath,55800,0.022572737509000,True
53321,21412801,11/13/2009 0:00:00,Medium, , ,0.065000000000000,15030107000615,Uninitialized,22604129,ArtificialPath,55800,0.000618967113597,True
53327,21412739,11/13/2009 0:00:00,Medium, , ,0.055000000000000,15030107000620,With Digitized,22604129,ArtificialPath,55800,0.000571485755434,True
53329,21412693,11/13/2009 0:00:00,Medium, , ,0.120000000000000,15030107000621,With Digitized,22604129,ArtificialPath,55800,0.001217086477340,True
53330,21412689,11/13/2009 0:00:00,Medium, , ,0.066000000000000,15030107000621,With Digitized,22604129,ArtificialPath,55800,0.000689941232276,True
53334,21412719,3/28/2008 0:00:00,Medium, , ,0.059000000000000,15030107000623,With Digitized,22604129,ArtificialPath,55800,0.000611554379031,True
53336,21412779,3/28/2008 0:00:00,Medium, , ,0.213000000000000,15030107000624,With Digitized,22604129,ArtificialPath,55800,0.002174059546040,True
53337,21412777,3/28/2008 0:00:00,Medium, , ,0.248000000000000,15030107000624,With Digitized,22604129,ArtificialPath,55800,0.002626979586800,True
53349,21412805,11/13/2009 0:00:00,Medium, , ,0.106000000000000,15030107000635,Uninitialized,22604129,ArtificialPath,55800,0.001077319166990,True
53353,25132294,11/13/2009 0:00:00,Medium, , ,0.047000000000000,15030107000699,Uninitialized,22603651,ArtificialPath,55800,0.000491245174547,True
53381,945030253,4/17/2001 0:00:00,Medium, , ,0.036000000000000,15030107001701,With Digitized,22603651,ArtificialPath,55800,0.000562904506527,True
53382,945030119,12/1/2010 0:00:00,Medium, , ,0.035000000000000,15030107001702,With Digitized,22603651,ArtificialPath,55800,0.000000000000000,True
53384,945030120,12/1/2010 0:00:00,Medium, , ,0.055000000000000,15030107001704,With Digitized,22604129,ArtificialPath,55800,0.000000000000000,True
53385,945030355,10/13/1999 0:00:00,Medium, , ,0.029000000000000,15030107001705,With Digitized,22603651,ArtificialPath,55800,0.008500208343490,True
53386,945030352,12/1/2010 0:00:00,Medium, , ,0.028000000000000,15030107001706,With Digitized,22603651,ArtificialPath,55800,0.000000000000000,True
103150,20380457,10/13/1999 0:00:00,Medium,42838,Gila River,0.068000000000000,15070201000001,With Digitized,22604129,ArtificialPath,55800,0.000657793336614,True